ibge,Município,De 0 a 4 anos,De 5 a 9 anos,De 10 a 14 anos,De 15 a 19 anos,De 20 a 24 anos,De 25 a 29 anos,De 30 a 34 anos,De 35 a 39 anos,De 40 a 44 anos,De 45 a 49 anos,De 50 a 54 anos,De 55 a 59 anos,De 60 a 64 anos,De 65 a 69 anos,De 70 a 74 anos,De 75 a 79 anos,De 80 anos ou mais
410010,Abatiá,436,443,414,404,495,593,530,505,503,538,571,513,447,329,263,191,233
410020,Adrianópolis,457,441,369,366,428,469,369,402,345,367,383,360,308,267,182,151,193
410030,Agudos,701,676,587,600,805,799,623,656,645,662,659,648,515,323,233,168,170
410040,Almirante,10488,9815,9112,9371,11060,10372,9356,8923,8178,7841,7088,5693,4565,3357,2189,1356,1277
410045,Altamira,102,108,98,111,114,121,101,112,115,105,136,124,89,87,60,44,55
412862,Alto,172,168,144,160,172,189,187,173,202,214,215,198,165,109,78,68,71
410060,Alto,986,964,919,992,1097,1194,1082,1055,1062,1044,1076,916,829,585,400,300,358
410070,Alto,613,626,602,584,685,782,707,716,657,660,701,643,514,382,332,252,322
410050,Altônia,1464,1486,1435,1428,1597,1709,1689,1641,1478,1397,1476,1286,1122,943,791,530,704
410080,Alvorada,732,717,719,736,756,860,866,809,749,800,818,777,694,552,361,252,305
410090,Amaporã,504,505,483,482,504,541,531,420,431,400,419,345,263,201,99,77,127
410100,Ampére,1335,1311,1274,1376,1602,1584,1479,1377,1291,1268,1270,1226,940,684,515,368,411
410105,Anahy,186,188,162,149,200,204,169,179,227,177,198,153,162,139,108,89,98
410110,Andirá,1215,1211,1177,1202,1285,1395,1396,1423,1457,1419,1438,1343,1080,1000,745,542,598
410115,Ângulo,186,186,178,181,210,233,242,210,195,211,204,200,165,107,83,67,72
410120,Antonina,1418,1363,1178,1204,1428,1437,1253,1235,1258,1196,1243,1293,975,801,617,479,571
410130,Antônio,475,484,424,430,508,581,492,467,543,546,605,530,410,352,232,154,194
410140,Apucarana,8827,8838,8842,9164,10074,10592,10641,10354,9922,8869,9197,7879,6871,5629,4233,2930,3372
410150,Arapongas,8076,7971,8165,8731,9776,9478,10031,9871,9401,8561,8166,7180,5888,4692,3482,2452,2889
410160,Arapoti,2262,2140,1966,2071,2403,2481,1999,2031,1953,1843,1778,1645,1216,896,678,440,498
410165,Arapuã,170,178,153,146,194,249,185,188,197,187,246,198,183,148,140,114,133
410170,Araruna,839,842,832,880,1042,1163,1052,902,987,1010,1043,899,723,628,447,321,390
410180,Araucária,11277,10714,10469,11927,13513,12702,11924,11488,10669,9697,8590,7288,5696,4232,2712,1633,1683
410185,Ariranha,126,125,110,105,111,145,134,141,134,153,162,153,124,110,91,67,75
410190,Assaí,973,981,919,857,969,1132,1087,1055,952,1027,990,958,820,728,577,434,495
410200,Assis,1848,1930,1893,1991,2212,2566,2342,2243,2350,2426,2568,2230,1878,1591,1224,977,1059
410210,Astorga,1561,1622,1618,1520,1733,2014,1956,1831,1808,1759,1884,1707,1507,1252,948,661,828
410220,Atalaia,178,194,187,206,265,276,247,275,263,303,350,290,239,203,163,114,128
410230,Balsa,943,930,886,870,1086,1093,1032,977,937,940,883,730,647,434,298,195,211
410240,Bandeirantes,1985,1959,1916,1972,2156,2302,2362,2218,2046,2076,2222,2077,1764,1422,1112,730,892
410250,Barbosa,666,698,624,588,728,852,802,758,734,817,872,838,642,570,451,339,447
410270,Barra,133,137,133,140,158,227,219,188,191,180,210,221,178,156,123,93,94
410260,Barracão,660,639,575,648,853,899,798,795,707,675,622,679,570,423,310,219,240
410275,Bela,213,208,177,186,222,254,204,207,204,232,296,286,249,176,143,97,103
410280,Bela,903,906,870,898,1071,1137,1093,1062,1031,1002,1080,1051,919,726,628,431,591
410290,Bituruna,1471,1374,1191,1240,1430,1335,1177,1128,1131,1049,972,813,618,560,382,249,280
410300,Boa,205,211,203,229,236,271,279,288,284,308,344,332,270,182,150,121,134
410302,Boa,161,156,132,177,180,186,166,206,165,208,193,136,136,101,68,46,53
410304,Boa,518,479,405,435,540,583,495,469,466,443,361,352,252,222,141,105,99
410305,Boa,559,541,449,460,530,556,434,504,528,569,495,429,411,359,275,227,214
410310,Bocaiúva,1200,1113,973,1007,1204,1044,935,949,893,854,708,633,527,393,292,185,219
410315,Bom,224,230,191,165,218,281,205,206,241,237,249,215,227,211,159,114,133
410320,Bom,487,471,443,471,565,583,534,507,491,458,519,431,317,243,211,145,192
410322,Bom,182,189,180,175,211,287,254,201,215,218,247,241,189,160,127,91,87
410330,Borrazópolis,322,334,313,287,374,485,432,410,415,525,481,523,408,372,276,211,271
410335,Braganey,340,335,311,355,354,410,405,366,368,374,411,386,306,213,156,147,145
410337,Brasilândia,140,146,139,136,151,208,173,153,186,175,232,218,141,129,88,79,91
410340,Cafeara,171,181,172,193,199,258,249,219,195,209,240,210,154,98,75,64,67
410345,Cafelândia,1285,1265,1260,1369,1648,1493,1462,1422,1313,1342,1303,1024,755,578,378,273,286
410347,Cafezal,218,223,210,212,258,287,264,270,266,305,349,290,224,217,150,102,164
410350,Califórnia,561,585,575,551,617,674,662,593,530,525,665,516,449,348,296,208,251
410360,Cambará,1601,1601,1570,1642,1770,1922,1949,1813,1793,1708,1711,1645,1368,1095,898,588,792
410370,Cambé,6840,6758,6640,7337,8353,8077,8277,7979,7875,7512,7428,6294,5443,4429,3318,2209,2572
410380,Cambira,473,476,476,502,533,593,639,573,547,541,529,526,453,365,266,193,232
410390,Campina,918,937,843,786,935,1106,940,864,984,988,1026,918,793,659,540,363,443
410395,Campina,323,294,256,280,320,296,258,265,257,274,258,238,191,144,88,63,54
410400,Campina,3691,3510,3263,3320,3990,3606,3366,3308,3032,2834,2622,2101,1768,1291,854,556,573
410405,Campo,252,245,214,242,295,356,258,228,270,262,287,230,158,152,131,75,108
410410,Campo,715,671,597,604,739,669,606,551,581,493,496,394,302,228,161,110,128
410420,Campo,9446,9207,8893,9573,11316,11249,10370,10441,10462,9431,8813,7479,5818,4374,3011,1948,2034
410425,Campo,2360,2279,2146,2194,2661,2591,2274,2175,2095,2022,1919,1562,1250,886,595,379,352
410430,Campo,6020,6007,5907,6361,7349,7998,7812,7342,6675,6522,6373,5853,4872,3743,2711,1849,2094
410440,Cândido,1180,1105,913,894,1118,1195,951,1026,1033,1023,999,916,785,596,450,313,312
410442,Candói,1336,1259,1115,1199,1357,1349,1080,1106,1141,1092,1061,896,707,514,365,241,235
410445,Cantagalo,1151,1087,918,943,1127,1107,899,844,901,891,831,730,619,490,328,229,234
410450,Capanema,1139,1144,1065,1161,1351,1578,1337,1368,1307,1364,1376,1281,1125,866,691,476,519
410460,Capitão,1072,1068,998,1022,1197,1215,1137,1148,1101,1114,1034,949,779,691,519,398,392
410465,Carambeí,2241,2071,1962,2063,2201,2032,1708,1782,1697,1460,1221,1066,835,548,408,259,271
410470,Carlópolis,934,908,863,926,1025,1082,1072,1097,956,973,951,992,812,631,465,298,371
410480,Cascavel,22678,22171,22257,23767,27550,28980,28509,26367,23848,22144,20688,18208,14800,11651,8089,5067,5559
410490,Castro,6362,5984,5490,5593,6131,5829,5245,5108,4998,4585,4101,3499,2852,2189,1566,1121,1156
410500,Catanduvas,750,755,678,658,807,859,768,691,711,731,691,542,470,367,275,204,210
410510,Centenário,607,620,580,627,774,884,793,798,788,785,809,712,608,477,333,254,315
410520,Cerro,1516,1403,1157,1304,1541,1442,1244,1343,1239,1133,1058,985,757,633,432,313,333
410530,Céu,727,720,681,752,887,975,906,828,833,874,829,748,606,504,388,268,293
410540,Chopinzinho,1268,1244,1162,1213,1371,1502,1434,1354,1221,1336,1357,1259,1009,845,655,428,509
410550,Cianorte,5358,5352,5499,5604,6661,7046,7002,6541,6076,5868,5683,4825,3759,2988,2231,1484,1839
410560,Cidade,904,883,839,924,1052,1070,991,948,956,873,855,720,551,422,303,217,289
410570,Clevelândia,1238,1204,1079,1070,1300,1315,1052,1049,1003,1049,1082,1102,888,665,510,373,471
410580,Colombo,19934,18781,17908,19876,22748,20927,19290,19005,18030,16472,14390,12001,9671,7097,4702,2896,2812
410590,Colorado,1249,1263,1278,1451,1666,1787,1879,1795,1817,1769,1780,1687,1451,1127,820,584,739
410600,Congonhinhas,602,599,546,532,616,757,631,580,603,593,630,605,458,351,286,196,272
410610,Conselheiro,266,253,232,230,289,325,295,261,262,291,251,227,203,173,126,82,110
410620,Contenda,1399,1363,1300,1448,1578,1431,1457,1349,1459,1251,1210,1028,807,648,495,294,320
410630,Corbélia,1092,1109,1074,1072,1298,1430,1351,1242,1054,1129,1245,1086,887,697,511,375,465
410640,Cornélio,2665,2698,2753,2889,3146,3465,3612,3577,3434,3182,3339,3151,2855,2448,1866,1201,1561
410645,Coronel,717,656,555,539,696,685,559,528,481,481,457,361,269,191,158,91,94
410650,Coronel,1306,1300,1217,1255,1460,1693,1472,1427,1343,1292,1447,1333,1207,974,715,512,627
410655,Corumbataí,180,180,155,162,170,251,196,213,240,222,241,239,182,157,134,96,109
410680,Cruz,1411,1317,1152,1464,1599,1493,1413,1378,1375,1283,1161,1089,833,608,442,343,380
410657,Cruzeiro,295,284,261,298,301,343,308,279,258,297,298,278,225,187,120,90,118
410660,Cruzeiro,1268,1284,1234,1221,1460,1589,1474,1460,1562,1542,1486,1369,1157,896,727,523,695
410670,Cruzeiro,279,279,271,271,294,338,346,336,290,328,326,284,251,206,123,104,123
410685,Cruzmaltina,172,175,155,138,186,258,182,217,224,228,227,194,174,134,92,73,92
410690,Curitiba,117014,115886,122875,137071,148846,145361,154887,161644,152862,134716,124222,114583,98391,79936,58228,36769,45335
410700,Curiúva,1172,1127,1000,998,1212,1260,1163,1110,1036,1017,946,859,764,525,384,305,318
410715,Diamante,406,423,420,344,368,420,376,319,316,316,332,361,226,210,171,128,130
410710,Diamante,280,288,278,281,317,366,348,322,329,380,381,357,287,238,220,167,191
410712,Diamante,283,267,206,209,294,315,217,241,255,246,231,219,102,110,98,56,75
410720,Dois,2774,2698,2629,2892,3282,3523,3391,3082,2881,2764,2664,2420,1961,1534,1044,671,828
410725,Douradina,589,594,587,559,627,682,701,725,669,619,604,545,418,318,236,162,234
410730,Doutor,260,279,295,339,387,465,404,386,361,412,501,498,400,298,252,197,249
412863,Doutor,489,440,351,411,464,509,382,354,397,390,318,302,223,179,144,96,103
410740,Enéas,358,369,348,354,383,469,423,413,395,439,466,448,376,244,188,122,138
410750,Engenheiro,825,807,801,914,1031,1073,1031,1007,943,989,1059,961,748,623,476,305,388
410753,Entre,277,287,300,305,316,335,340,326,329,326,339,300,236,214,156,110,100
410752,Esperança,80,90,84,88,99,103,93,118,117,133,144,127,90,89,77,62,71
410754,Espigão,333,312,263,254,263,303,255,247,231,285,258,240,212,184,163,115,130
410755,Farol,208,207,180,167,205,266,190,199,222,213,214,205,166,131,97,79,92
410760,Faxinal,1211,1204,1122,1138,1327,1416,1284,1206,1087,1130,1170,1059,832,686,558,410,476
410765,Fazenda,9058,8324,7728,8761,10161,8932,7681,7353,7092,6461,5755,4854,3843,2619,1547,966,869
410770,Fênix,256,255,235,267,311,399,322,320,314,369,388,334,272,218,185,126,177
410773,Fernandes,441,414,371,407,455,480,413,366,388,407,371,325,235,201,140,84,104
410775,Figueira,512,501,441,431,542,607,503,477,522,584,524,534,418,352,288,213,247
410785,Flor,288,289,242,268,336,431,303,290,298,334,379,312,251,201,152,106,123
410780,Floraí,211,232,240,228,297,382,387,341,319,347,398,350,281,296,211,183,203
410790,Floresta,413,413,423,454,489,535,566,536,524,427,432,443,402,277,196,149,172
410800,Florestópolis,670,669,644,659,776,825,818,784,761,781,720,666,536,390,278,219,257
410810,Flórida,170,173,172,175,182,180,187,169,186,179,238,192,153,107,89,67,80
410820,Formosa,267,285,289,309,375,459,435,426,425,458,540,548,441,376,292,229,306
410830,Foz,19442,18611,17620,18613,21246,21425,19348,18497,18416,17495,16671,14867,12404,9293,6361,3991,3948
410845,Foz,397,357,294,349,381,381,277,291,302,320,269,258,223,172,119,86,80
410832,Francisco,387,402,371,341,347,493,368,346,335,396,484,406,359,305,258,180,215
410840,Francisco,6187,6078,6101,6272,7419,8023,8147,7390,6342,5701,5741,5374,4299,3348,2463,1577,1754
410850,General,1205,1102,959,1157,1274,1122,961,856,907,886,813,705,545,414,319,228,232
410855,Godoy,158,165,142,132,153,204,143,167,188,235,262,252,208,145,146,89,109
410860,Goioerê,1724,1730,1668,1836,2038,2136,2165,2098,1922,1989,2051,1978,1569,1316,989,707,892
410865,Goioxim,608,576,462,517,580,552,432,539,474,448,462,399,325,260,169,141,109
410870,Grandes,350,363,326,286,376,440,391,348,377,391,405,393,306,260,186,138,161
410880,Guaíra,2551,2513,2367,2248,2442,2528,2547,2383,2237,2274,2097,1843,1517,1282,994,674,813
410890,Guairaçá,467,464,462,420,456,533,513,473,443,404,414,433,333,266,188,153,187
410895,Guamiranga,680,663,593,566,750,822,691,648,543,576,580,534,390,277,209,134,155
410900,Guapirama,255,273,254,193,260,309,296,249,243,236,306,264,193,169,115,81,88
410910,Guaporema,123,128,126,118,171,200,175,151,144,147,172,156,115,108,77,44,86
410920,Guaraci,358,367,358,345,408,477,420,370,357,380,386,316,267,208,207,128,178
410930,Guaraniaçu,797,786,691,719,832,1008,750,849,854,866,896,799,694,581,427,331,337
410940,Guarapuava,13736,13158,12573,13871,15763,15528,13885,13159,12777,11849,11511,10364,8176,6174,4289,2871,2960
410950,Guaraqueçaba,639,592,486,517,642,620,512,543,575,487,448,373,369,252,212,153,174
410960,Guaratuba,2916,2727,2355,2367,2759,2853,2308,2398,2602,2601,2640,2563,2088,1699,1168,774,709
410965,Honório,412,380,298,306,387,405,327,352,384,394,346,303,263,221,149,87,105
410970,Ibaiti,2377,2248,2074,2146,2425,2548,2346,2390,2273,2003,1995,1888,1465,1199,861,617,726
410975,Ibema,459,432,385,441,483,577,449,386,464,453,443,380,303,230,199,142,144
410980,Ibiporã,3634,3542,3460,3736,4074,4215,4122,4102,4184,3657,3639,3300,3014,2361,1649,1101,1341
410990,Icaraíma,455,472,438,452,548,568,537,492,491,562,589,500,467,380,316,238,281
411000,Iguaraçu,276,294,288,255,325,399,390,303,324,327,326,256,212,178,120,79,88
411005,Iguatu,142,145,130,127,178,162,155,154,150,156,170,149,128,85,88,61,73
411007,Imbaú,1248,1158,1011,1012,1187,1083,907,877,911,910,710,621,508,399,297,213,230
411010,Imbituva,2657,2473,2350,2913,2967,2833,2361,2372,2357,2095,1931,1678,1334,977,679,464,499
411020,Inácio,1086,984,837,885,985,973,702,678,789,745,635,516,424,328,209,174,171
411030,Inajá,195,200,194,182,236,270,208,203,248,227,222,184,157,123,94,83,90
411040,Indianópolis,265,286,277,255,301,326,340,280,283,322,328,290,243,239,163,111,156
411050,Ipiranga,1270,1206,1084,1143,1351,1319,1168,1144,1083,984,894,756,601,469,316,220,243
411060,Iporã,803,828,783,780,926,1022,963,906,927,890,1015,939,848,681,527,375,569
411065,Iracema,117,120,118,130,136,163,164,142,146,178,194,197,121,82,83,75,85
411070,Irati,4211,4118,3978,4125,4763,5065,4729,4605,4419,4110,4060,3642,2885,2339,1591,1140,1308
411080,Iretama,640,653,574,607,698,763,612,727,714,745,753,723,535,450,332,267,305
411090,Itaguajé,309,319,301,259,308,348,336,339,265,317,286,281,245,166,130,99,138
411095,Itaipulândia,739,735,711,768,858,885,839,821,767,791,778,770,584,458,376,243,262
411100,Itambaracá,418,413,376,372,455,478,440,441,477,447,456,404,372,350,228,182,240
411110,Itambé,367,374,377,392,411,503,433,477,430,423,442,382,342,270,191,140,155
411120,Itapejara,766,776,737,749,888,1025,935,869,807,794,818,784,639,535,380,268,324
411125,Itaperuçu,2697,2462,2288,2666,2777,2525,2254,2145,2122,1836,1604,1154,833,633,467,315,292
411130,Itaúna,198,193,175,167,186,226,195,183,169,186,174,181,145,117,95,88,103
411140,Ivaí,1192,1090,972,1053,1175,1091,1047,1089,996,945,787,708,571,411,338,229,271
411150,Ivaiporã,1958,1950,1828,1833,2057,2541,2148,2362,2173,2198,2341,2224,1842,1503,1128,838,1011
411155,Ivaté,566,550,532,533,581,643,651,614,621,580,586,506,392,300,206,162,217
411160,Ivatuba,135,199,274,190,188,412,287,191,191,202,225,205,166,157,97,63,97
411170,Jaboti,328,321,282,318,382,395,320,391,409,436,392,352,295,218,187,112,165
411180,Jacarezinho,2704,2656,2582,2680,2920,3070,3084,2901,2713,2625,2484,2375,1990,1567,1218,785,968
411190,Jaguapitã,865,869,858,892,1035,1101,1114,1059,990,920,912,820,697,516,411,278,405
411200,Jaguariaíva,2965,2833,2617,2596,2978,2976,2701,2694,2489,2228,1957,1794,1441,1068,712,464,514
411210,Jandaia,1151,1186,1195,1302,1440,1686,1565,1491,1455,1426,1591,1449,1197,1002,787,570,737
411220,Janiópolis,275,284,258,264,317,397,334,308,296,376,372,401,337,287,228,168,193
411230,Japira,348,344,314,332,348,355,335,328,335,330,334,327,290,222,184,125,142
411240,Japurá,502,532,539,546,634,708,714,656,654,658,713,689,578,461,354,247,315
411250,Jardim,676,679,602,611,666,872,760,757,765,791,822,734,663,570,473,339,416
411260,Jardim,87,88,78,63,98,123,81,87,94,95,118,93,61,49,34,30,41
411270,Jataizinho,943,896,843,945,1053,986,869,917,848,802,803,743,618,479,355,257,281
411275,Jesuítas,478,498,477,412,490,581,500,521,530,666,666,617,494,423,362,273,342
411280,Joaquim,805,806,793,796,878,959,1034,932,854,749,748,721,556,458,384,236,300
411290,Jundiaí,213,215,185,202,221,235,216,186,228,224,264,217,208,150,120,80,105
411295,Juranda,379,363,336,480,529,555,515,528,550,574,582,540,419,321,237,168,216
411300,Jussara,455,447,429,495,499,578,521,483,491,491,499,449,365,253,232,160,194
411310,Kaloré,195,211,200,177,226,302,270,252,258,282,335,326,254,225,184,148,202
411320,Lapa,3468,3322,3138,3457,3804,3722,3654,3693,3544,3319,3108,2874,2371,1819,1274,875,968
411325,Laranjal,540,491,392,450,510,540,403,392,390,356,322,320,214,178,115,92,79
411330,Laranjeiras,2325,2229,2038,2280,2630,2830,2366,2222,2121,2046,2033,1801,1610,1282,926,616,784
411340,Leópolis,226,219,205,219,261,281,272,281,279,251,275,267,248,232,174,102,133
411342,Lidianópolis,168,182,172,150,150,229,189,188,192,233,301,238,226,192,156,128,137
411345,Lindoeste,291,293,244,226,282,347,284,275,313,356,367,333,278,248,191,135,129
411350,Loanda,1510,1525,1516,1545,1731,1866,1868,1744,1597,1672,1564,1368,1154,853,657,474,598
411360,Lobato,270,277,281,294,358,369,345,386,359,349,350,376,265,193,120,101,126
411370,Londrina,35477,35181,36320,39321,43177,42968,45388,44721,41902,36700,36884,34761,30166,25012,18945,12899,15555
411373,Luiziana,549,531,484,478,530,574,555,522,506,486,482,447,342,260,195,144,155
411375,Lunardelli,287,286,258,258,296,317,303,311,313,333,382,367,315,223,184,151,160
411380,Lupionópolis,281,287,281,348,366,382,354,330,330,327,402,321,224,211,175,140,186
411390,Mallet,889,854,807,931,994,1181,1056,1069,972,872,902,879,705,531,397,268,356
411400,Mamborê,844,848,811,807,930,944,940,856,864,903,969,909,736,596,430,293,334
411410,Mandaguaçu,1467,1477,1448,1585,1784,1903,1830,1665,1617,1540,1572,1457,1149,859,686,462,599
411420,Mandaguari,1965,1967,1964,2167,2548,2583,2584,2479,2409,2418,2378,2259,2032,1560,1230,883,1089
411430,Mandirituba,2171,2078,1886,2050,2252,2106,1946,1832,1875,1851,1925,1581,1288,919,661,429,465
411435,Manfrinópolis,180,171,138,143,180,237,170,184,173,170,154,172,121,123,72,59,59
411440,Mangueirinha,1380,1299,1160,1123,1353,1432,1202,1132,1139,1057,1001,948,742,607,450,317,300
411450,Manoel,1074,1033,947,959,1026,1080,1017,913,840,844,819,797,688,498,406,280,289
411460,Marechal,3086,3116,3155,3529,3990,4380,4447,4127,3776,3728,3674,3422,2650,2174,1705,1162,1374
411470,Maria,287,299,278,322,428,477,415,396,416,400,482,371,318,240,182,130,193
411480,Marialva,2165,2185,2214,2351,2507,2631,2800,2750,2485,2520,2508,2132,1917,1653,1265,810,911
411490,Marilândia,572,566,546,610,649,663,636,642,632,583,621,559,479,362,243,204,247
411500,Marilena,440,447,421,424,537,577,467,501,469,458,494,480,365,299,275,201,229
411510,Mariluz,746,739,665,720,772,860,743,678,689,753,733,615,440,358,296,235,294
411520,Maringá,23699,24321,26828,28828,30856,33388,38748,34987,31273,28592,28761,26381,22454,18406,13557,8888,10190
411530,Mariópolis,419,426,420,431,460,535,470,490,408,454,465,450,379,297,214,161,153
411535,Maripá,272,285,284,314,372,401,428,358,389,411,427,406,345,259,254,174,203
411540,Marmeleiro,971,956,848,908,1132,1178,1087,1042,898,910,983,905,766,628,482,327,366
411545,Marquinho,335,317,263,268,305,352,306,280,310,324,292,247,224,193,137,97,90
411550,Marumbi,265,268,262,283,343,398,374,321,322,290,319,318,302,201,152,114,145
411560,Matelândia,1299,1311,1274,1246,1393,1451,1334,1338,1299,1209,1158,1041,825,689,489,353,398
411570,Matinhos,2516,2396,2085,2107,2577,2547,2183,2159,2302,2413,2634,2411,2299,1794,1203,841,752
411573,Mato,213,209,182,167,205,291,212,222,241,248,218,205,181,144,104,71,93
411575,Mauá,944,924,847,793,957,957,786,809,774,666,653,500,372,294,197,167,160
411580,Medianeira,2981,3018,3079,3214,3550,3853,3906,3515,3209,3129,3141,2828,2269,1799,1226,864,993
411585,Mercedes,361,375,353,331,425,435,368,375,354,419,418,334,284,236,186,147,176
411590,Mirador,158,158,148,139,140,217,158,136,154,125,165,139,102,79,63,52,63
411600,Miraselva,88,90,84,101,113,117,114,143,108,121,147,106,135,112,89,63,65
411605,Missal,603,635,605,566,650,805,715,659,743,815,875,746,648,539,449,351,300
411610,Moreira,711,726,686,673,806,872,855,756,759,810,917,904,729,613,388,342,495
411620,Morretes,1290,1231,1086,1084,1252,1280,1103,1043,1180,1137,1101,968,816,660,500,332,383
411630,Munhoz,214,218,209,230,282,345,306,239,218,292,321,311,190,187,175,122,150
411640,Nossa,211,212,204,238,304,337,296,269,280,291,316,343,229,170,111,89,108
411650,Nova,119,112,104,96,123,163,112,105,104,110,106,91,72,42,34,25,33
411660,Nova,220,223,216,221,233,251,256,249,267,234,243,225,182,136,109,80,89
411670,Nova,555,574,550,595,656,828,706,657,699,762,839,721,592,531,406,288,340
411680,Nova,319,326,275,255,342,421,289,305,307,391,403,409,338,236,180,126,139
411690,Nova,1675,1671,1638,1809,2008,2141,2116,1933,1971,1994,1975,1814,1553,1245,889,699,853
411695,Nova,338,337,296,294,366,427,335,347,309,354,394,361,284,213,153,110,112
411700,Nova,547,543,502,460,595,611,570,534,591,579,546,533,458,371,278,190,228
411705,Nova,1089,1027,834,800,915,969,761,749,658,699,773,632,495,423,277,192,214
411710,Nova,854,852,829,858,966,1064,998,930,901,941,954,830,648,523,390,303,359
411720,Nova,359,361,335,347,412,473,400,386,450,431,411,335,300,252,196,164,214
411725,Nova,650,653,613,689,776,865,827,762,686,770,748,659,539,416,368,259,264
411721,Nova,272,268,238,260,299,364,270,293,243,284,342,280,206,192,166,137,163
411722,Nova,487,505,480,470,587,650,623,562,546,561,605,534,487,360,304,217,288
411727,Nova,346,350,289,256,335,402,341,337,407,412,431,400,320,291,196,161,174
411729,Novo,135,145,144,161,186,229,198,195,190,199,218,222,188,134,101,86,109
411730,Ortigueira,1776,1700,1471,1478,1677,1722,1451,1539,1582,1522,1374,1292,997,812,649,457,461
411740,Ourizona,182,194,200,204,210,272,278,260,213,234,249,253,185,169,123,88,111
411745,Ouro,406,401,371,370,441,514,443,443,415,425,392,376,297,231,188,139,164
411750,Paiçandu,2820,2741,2702,3021,3442,3545,3323,3200,2958,3017,2727,2394,1874,1494,1061,706,748
411760,Palmas,5101,4683,4181,4543,4986,4451,3792,3685,3388,3042,2653,2229,1699,1318,829,577,598
411770,Palmeira,2500,2413,2274,2428,2794,2847,2587,2587,2306,2246,2177,1961,1601,1164,852,570,687
411780,Palmital,1050,974,810,914,966,1025,844,869,857,940,820,749,603,522,422,277,318
411790,Palotina,2012,2010,2057,2188,2325,2677,2551,2389,2206,2152,2131,1984,1543,1359,1041,741,755
411800,Paraíso,955,943,939,977,1061,1214,1178,1071,948,1016,966,752,605,473,352,237,336
411810,Paranacity,897,896,849,787,939,945,901,867,747,714,784,686,504,350,256,203,255
411820,Paranaguá,12780,12112,11289,12476,13845,12970,11506,11695,10968,10278,9430,8188,6167,4691,3282,2100,2397
411830,Paranapoema,246,240,229,211,236,294,249,242,222,216,234,212,143,85,69,56,57
411840,Paranavaí,5472,5554,5588,5707,6331,6803,6763,6551,6093,6093,6239,5726,4776,3660,2892,2069,2605
411845,Pato,379,387,374,360,401,419,445,422,391,408,381,363,308,214,162,134,136
411850,Pato,5560,5533,5715,5999,6753,7229,7057,6514,5648,5228,5145,4720,4127,3213,2259,1475,1668
411860,Paula,417,396,369,392,404,503,439,404,432,409,434,365,291,215,184,112,142
411870,Paulo,482,467,425,494,584,641,549,550,539,491,493,430,381,322,222,151,166
411880,Peabiru,876,859,807,911,1048,1179,1065,1040,951,1000,966,901,803,533,414,311,343
411885,Perobal,379,387,375,410,426,482,448,442,411,464,473,384,323,224,202,144,186
411890,Pérola,642,655,667,674,697,879,945,917,816,777,753,652,652,491,401,281,422
411900,Pérola,336,346,313,344,423,472,435,415,369,428,470,528,438,335,251,179,206
411910,Piên,1034,976,867,951,1107,1065,922,1034,1013,898,816,639,517,419,284,176,164
411915,Pinhais,9776,9326,9223,10438,11261,10844,10429,10516,10577,9538,8203,6924,5710,4265,2987,1734,1739
411925,Pinhal,203,195,164,177,193,239,182,193,152,201,177,194,172,112,76,58,49
411920,Pinhalão,379,387,359,402,419,457,473,480,447,430,449,447,404,281,199,146,165
411930,Pinhão,2917,2715,2352,2669,3142,2841,2259,2149,2090,2028,1818,1656,1275,1033,706,442,467
411940,Piraí,2082,1979,1860,1965,2005,2031,1892,1809,1755,1654,1477,1393,1071,891,680,486,599
411950,Piraquara,10021,9103,8599,10134,11614,10015,8717,8800,8267,7415,6470,5033,3879,2772,1847,1152,1132
411960,Pitanga,2149,2055,1808,1888,2283,2576,2170,2203,2169,2099,2083,1845,1409,1142,873,602,640
411965,Pitangueiras,224,223,203,221,277,265,239,212,234,235,241,190,158,112,98,65,65
411970,Planaltina,270,274,263,286,291,355,360,276,270,284,303,289,196,169,142,93,151
411980,Planalto,734,747,719,731,826,1086,900,903,879,974,1053,1061,780,687,563,340,448
411990,Ponta,27067,26139,25583,27704,30004,29249,27422,26450,25595,22470,20589,18612,15514,12065,8706,5575,6592
411995,Pontal,1985,1831,1597,1677,2022,1919,1710,1768,1848,1926,2056,2156,1810,1377,1016,627,590
412000,Porecatu,689,719,695,750,862,931,893,875,943,996,1017,856,725,592,500,340,365
412010,Porto,342,333,312,367,386,429,382,373,339,309,303,263,203,185,137,90,121
412015,Porto,222,216,194,205,229,270,218,217,231,199,216,187,208,126,119,59,68
412020,Porto,168,173,162,147,189,222,206,155,197,199,174,151,140,93,68,44,68
412030,Porto,304,286,246,266,322,307,251,271,272,303,264,243,244,175,118,90,99
412033,Prado,250,255,247,232,295,298,302,232,274,268,256,243,177,152,128,87,84
412035,Pranchita,271,278,262,275,323,365,393,327,345,373,419,361,304,263,211,147,178
412040,Presidente,363,362,348,389,442,462,399,379,401,384,349,307,222,198,140,93,113
412050,Primeiro,576,581,560,628,734,818,794,835,711,750,863,823,724,615,402,322,394
412060,Prudentópolis,3852,3751,3417,3695,4114,4200,3746,4006,3773,3602,3362,3069,2437,1978,1444,983,1084
412065,Quarto,260,268,258,267,268,355,355,281,262,333,418,323,242,177,142,103,153
412070,Quatiguá,409,429,439,416,502,564,556,526,504,529,542,530,481,341,280,200,229
412080,Quatro,1841,1781,1747,1823,2035,2072,1831,1784,1757,1580,1487,1305,1008,712,496,327,325
412085,Quatro,190,204,206,225,279,338,309,247,263,289,308,309,245,176,152,117,172
412090,Quedas,2842,2692,2367,2508,2857,2873,2404,2333,2279,2253,2092,1881,1590,1218,976,609,635
412100,Querência,892,877,783,703,917,1071,845,845,859,859,813,792,617,452,336,289,282
412110,Quinta,283,285,263,246,315,370,314,296,314,278,368,317,221,211,163,120,144
412120,Quitandinha,1418,1369,1220,1283,1441,1605,1409,1399,1405,1343,1341,1106,941,688,512,375,366
412125,Ramilândia,350,336,276,284,353,404,330,335,296,308,286,258,190,153,144,86,87
412130,Rancho,189,197,188,195,266,292,242,261,248,251,291,297,214,204,177,124,148
412135,Rancho,158,158,149,159,181,196,192,171,166,216,206,167,135,133,74,72,95
412140,Realeza,1043,1057,1045,1031,1188,1420,1292,1257,1099,1084,1162,1128,901,757,589,408,489
412150,Rebouças,1090,1062,986,1066,1172,1267,1104,1067,917,981,1063,902,704,568,403,294,300
412160,Renascença,494,489,440,419,500,540,488,458,413,462,502,467,373,274,197,126,145
412170,Reserva,2397,2234,1971,2183,2369,2130,1978,1952,1794,1675,1506,1289,997,783,670,434,463
412175,Reserva,739,682,579,676,837,748,528,494,534,488,446,395,308,240,173,91,111
412180,Ribeirão,657,648,609,656,730,815,758,795,760,734,760,687,617,473,344,274,328
412190,Ribeirão,848,844,762,728,942,1010,837,867,821,848,895,941,699,602,488,337,479
412200,Rio,1166,1100,1009,1114,1269,1363,1221,1151,1088,985,989,815,644,512,360,268,282
412210,Rio,166,172,164,172,207,217,237,205,182,192,269,246,201,155,134,109,154
412215,Rio,1117,1008,790,883,1058,1085,794,837,885,942,920,808,623,547,417,272,269
412217,Rio,324,313,260,265,336,395,314,283,285,259,242,223,182,149,100,75,104
412220,Rio,2832,2645,2386,2580,2907,2763,2510,2603,2348,2143,1919,1541,1122,876,580,383,379
412230,Rio,2542,2484,2366,2411,2725,2655,2595,2577,2562,2388,2122,1942,1587,1252,910,583,710
412240,Rolândia,4369,4364,4419,4687,5092,5238,5462,5151,5002,4569,4536,3792,3313,2504,1979,1358,1548
412250,Roncador,617,604,544,645,647,713,695,746,655,712,667,661,496,433,319,233,258
412260,Rondon,629,626,603,694,715,776,710,683,717,651,707,590,445,361,259,212,244
412265,Rosário,296,308,274,240,312,412,288,309,320,310,360,351,236,193,185,133,162
412270,Sabáudia,414,433,416,426,508,597,509,490,505,491,503,416,329,329,207,142,176
412280,Salgado,205,201,161,187,265,279,217,244,249,242,253,225,210,180,133,100,132
412290,Salto,281,281,270,274,306,386,335,324,314,344,343,368,306,277,192,129,168
412300,Salto,1006,1006,961,978,1084,1363,1268,1136,1006,973,970,890,697,526,421,266,321
412310,Santa,201,209,199,164,216,239,200,192,219,201,247,257,202,175,134,97,114
412320,Santa,211,214,198,167,236,269,232,192,188,216,263,242,178,151,129,98,109
412330,Santa,467,470,454,459,511,596,581,556,540,506,550,547,449,314,274,209,268
412340,Santa,711,725,737,789,881,931,984,918,839,801,884,816,633,535,370,262,370
412350,Santa,1611,1653,1582,1629,1932,2205,1879,1999,1880,1903,1903,1714,1375,1188,968,669,677
412360,Santa,88,90,87,89,110,118,107,118,108,116,123,132,84,61,61,34,42
412370,Santa,451,473,466,481,542,613,587,607,529,610,653,669,504,420,324,255,339
412380,Santa,928,924,869,959,1138,1333,1251,1049,896,1024,983,932,788,583,405,340,392
412382,Santa,284,272,243,226,231,271,235,252,249,243,301,217,182,188,159,105,135
412385,Santa,734,702,601,607,706,813,649,627,685,635,597,565,469,380,274,182,184
412390,Santa,626,626,607,624,733,870,786,741,758,850,859,887,717,606,529,351,452
412395,Santa,307,295,273,272,333,317,317,299,289,274,251,263,173,117,91,68,78
412402,Santa,768,785,737,701,927,914,745,716,680,668,610,526,424,313,237,159,186
412405,Santa,1578,1596,1500,1468,1798,2023,1763,1665,1607,1653,1660,1494,1270,932,699,497,496
412400,Santana,326,318,275,301,380,371,316,341,355,349,359,371,276,219,158,109,130
412410,Santo,3309,3248,3126,3199,3482,3435,3477,3455,3094,2948,2979,2838,2281,1903,1399,913,1165
412420,Santo,152,149,135,156,199,210,175,164,194,185,223,171,149,117,83,69,95
412430,Santo,131,126,113,122,140,131,138,129,129,143,156,155,152,105,81,58,59
412440,Santo,1551,1495,1339,1361,1631,1686,1485,1327,1200,1224,1300,1255,1046,815,598,431,517
412450,Santo,327,322,322,322,377,445,449,418,386,378,378,399,266,221,155,125,155
412460,São,445,459,451,451,522,607,530,516,455,474,490,424,315,260,180,151,190
412470,São,842,791,685,735,884,912,824,737,785,757,712,635,528,432,336,240,293
412480,São,602,610,564,564,676,854,740,713,625,648,706,713,648,545,385,259,329
412490,São,387,387,358,397,440,475,392,413,422,396,406,359,280,235,170,139,181
412500,São,537,546,516,575,606,715,698,654,645,714,814,721,626,583,426,304,376
412510,São,1284,1231,1112,1067,1292,1381,1214,1139,1063,960,896,767,608,440,341,213,233
412520,São,516,523,490,513,600,719,704,659,570,640,720,648,547,429,272,227,251
412530,São,295,312,300,294,373,387,371,350,361,374,468,417,337,280,230,185,209
412535,São,279,299,300,279,327,447,401,345,359,385,426,401,346,314,261,181,236
412540,São,391,393,345,345,484,460,393,441,390,425,499,417,333,288,233,134,189
412545,São,218,218,190,215,240,308,300,285,255,273,278,236,170,153,119,95,74
412550,São,26768,24973,24039,26472,30322,27817,26255,26750,24912,21659,18965,15496,12257,9135,6054,3533,3651
412555,São,117,121,110,121,154,152,160,137,147,142,172,163,127,110,90,61,79
412560,São,3551,3376,3143,3444,3967,3967,3629,3586,3441,3207,2840,2551,1947,1479,1041,701,835
412570,São,1815,1834,1768,1805,2033,2293,2096,1901,1904,1766,1831,1820,1417,1136,845,626,686
412575,São,355,358,320,327,387,461,397,403,375,422,419,346,350,289,245,190,176
412580,São,776,766,747,675,798,863,891,844,811,745,699,641,525,435,325,225,280
412590,São,120,127,118,140,157,186,151,145,157,173,194,162,135,108,83,67,66
412600,São,558,558,499,523,668,748,663,621,579,607,663,566,518,374,272,211,231
412610,São,362,373,377,353,437,460,486,398,413,410,397,366,262,227,166,109,154
412620,Sapopema,494,482,413,423,571,580,510,473,529,465,411,367,302,255,194,112,141
412625,Sarandi,7130,7001,6889,7283,8433,7937,7645,7226,6867,6685,6378,5260,4288,3339,2390,1542,1510
412627,Saudade,453,430,384,382,422,463,406,404,363,315,322,292,258,231,159,124,131
412630,Sengés,1680,1534,1337,1535,1742,1643,1389,1479,1349,1254,1178,988,780,572,380,256,289
412635,Serranópolis,239,260,258,225,265,307,292,278,285,326,347,326,280,245,189,194,161
412640,Sertaneja,271,283,260,257,320,340,354,333,353,378,415,398,350,309,222,166,207
412650,Sertanópolis,949,962,943,1000,1165,1256,1184,1204,1171,1124,1218,1121,916,762,551,398,489
412660,Siqueira,1384,1364,1301,1369,1724,1660,1675,1619,1622,1434,1402,1246,1117,814,584,429,505
412665,Sulina,172,169,149,157,170,181,215,198,172,211,233,225,190,159,119,103,107
412667,Tamarana,1311,1245,1088,1039,1197,1224,1052,1034,1088,963,957,797,610,491,374,264,306
412670,Tamboara,300,318,319,304,382,427,429,402,325,336,352,337,285,201,166,114,161
412680,Tapejara,1132,1136,1102,1123,1384,1360,1223,1248,1213,1135,1080,919,714,514,389,301,372
412690,Tapira,322,325,303,304,346,427,418,377,347,383,410,393,341,234,201,153,211
412700,Teixeira,969,906,805,975,1099,1102,942,927,863,814,817,688,540,363,304,206,247
412710,Telêmaco,6576,6263,5993,6094,6837,6265,6245,6204,5604,4880,4498,4081,3379,2513,1766,1244,1350
412720,Terra,1020,1034,1036,1098,1276,1424,1381,1363,1140,1157,1222,1097,867,649,515,405,516
412730,Terra,1207,1200,1173,1099,1190,1339,1257,1208,1114,1186,1118,1045,806,631,506,372,473
412740,Terra,1051,1065,1041,1111,1270,1397,1234,1244,1193,1239,1278,1162,921,738,592,434,552
412750,Tibagi,1876,1739,1506,1571,1780,1683,1399,1378,1394,1292,1194,1081,869,644,475,345,381
412760,Tijucas,1388,1317,1143,1150,1427,1398,1192,1158,1176,1174,1180,944,753,568,443,331,342
412770,Toledo,8837,8742,8940,10123,11683,12148,12414,11544,10321,9513,9295,8778,6662,4955,3472,2391,2827
412780,Tomazina,477,487,448,422,488,558,583,568,507,544,613,602,474,343,285,182,226
412785,Três,886,874,761,776,939,1015,881,875,785,779,817,723,549,471,364,259,284
412788,Tunas,1071,909,770,912,964,803,761,797,585,394,331,236,165,127,87,51,59
412790,Tuneiras,576,557,521,535,654,689,587,592,610,631,634,564,390,324,243,189,237
412795,Tupãssi,487,500,469,480,499,541,567,483,579,584,609,522,465,440,355,259,282
412796,Turvo,1016,959,862,979,1055,1178,972,892,887,821,836,736,571,481,353,237,260
412800,Ubiratã,1171,1210,1167,1232,1339,1671,1566,1411,1496,1505,1597,1467,1192,923,727,501,734
412810,Umuarama,6694,6769,7126,7440,7871,8676,9459,8725,8199,7703,7533,6822,5835,4662,3563,2408,3015
412820,União,4203,4107,3999,4344,4766,4651,4271,4164,3954,3813,3621,3366,2688,2136,1486,1041,1303
412830,Uniflor,168,175,159,149,192,243,207,190,198,166,193,150,91,107,90,63,73
412840,Uraí,627,643,616,644,696,792,800,754,709,795,836,760,683,613,485,330,490
412853,Ventania,1031,948,855,961,1055,1047,932,951,906,803,660,587,436,318,260,162,164
412855,Vera,524,524,486,475,645,694,575,589,537,577,566,551,477,397,292,259,286
412860,Verê,406,422,393,351,436,584,510,534,462,486,572,534,432,370,279,194,209
412865,Virmond,295,291,263,264,274,298,262,295,267,295,267,267,203,194,115,82,90
412870,Vitorino,473,468,436,434,526,611,442,482,436,451,476,462,337,263,232,148,182
412850,Wenceslau,1358,1324,1220,1271,1471,1465,1371,1409,1352,1212,1287,1206,1064,845,593,409,529
412880,Xambrê,320,318,299,359,356,399,410,386,357,371,427,413,312,275,223,186,219
